Date,Open,High,Low,Close,Volume,Change
2016-06-24,9632,9632,9082,9181,833,
2016-06-27,9021,9212,9021,9207,127,0.002831935519006734
2016-06-28,9121,9326,9121,9323,261,0.012599109373302886
2016-06-29,9373,9445,9373,9443,215,0.012871393328327763
2016-06-30,9489,9489,9450,9471,20335,0.002965159377316562
2016-07-01,9574,9647,9560,9634,3914,0.017210431844578267
2016-07-04,9608,9693,9608,9662,1844,0.002906373261365891
2016-07-05,9627,9666,9627,9653,123,-0.0009314841647691807
2016-07-06,9618,9618,9512,9514,127,-0.014399668496840379
2016-07-07,9618,9670,9618,9624,221,0.011561908766029028
2016-07-08,9618,9618,9542,9552,35,-0.007481296758104716
2016-07-11,9661,9698,9637,9701,297,0.01559882747068686
2016-07-12,9718,9752,9684,9753,229,0.005360272136893052
2016-07-13,9799,9909,9799,9844,160433,0.009330462421818897
2016-07-14,9866,9894,9809,9898,2662,0.00548557496952462
2016-07-15,9919,9924,9876,9893,10416,-0.000505152556071975
2016-07-18,9889,9914,9852,9916,130682,0.002324876175073376
2016-07-19,9944,9944,9876,9907,143031,-0.0009076240419524373
2016-07-20,9934,9995,9880,9998,130936,0.009185424447360369
2016-07-21,10010,10024,9956,9988,129741,-0.0010002000400080036
2016-07-22,9985,9990,9949,9979,123313,-0.0009010812975570603
2016-07-25,9976,10000,9944,9964,141923,-0.0015031566289207543
2016-07-26,9934,10043,9934,10045,140607,0.008129265355278914
2016-07-27,10057,10072,10015,10049,139487,0.0003982080637132679
2016-07-28,10095,10115,10024,10064,149146,0.001492685839387109
2016-07-29,10077,10095,10000,10059,128777,-0.0004968203497615065
2016-08-01,10053,10115,10048,10112,131173,0.005268913410875875
2016-08-02,10105,10105,10039,10084,150624,-0.002768987341772111
2016-08-03,9990,10029,9952,9993,138181,-0.009024196747322466
2016-08-04,10019,10019,9929,9974,142142,-0.0019013309316521232
2016-08-05,9990,10034,9934,9969,155855,-0.0005013033888109364
2016-08-08,10043,10048,9976,10031,119962,0.0062192797672786515
2016-08-09,10029,10086,10019,10089,140718,0.005782075565746281
2016-08-10,10086,10105,10039,10045,156725,-0.004361185449499483
2016-08-11,10043,10043,10000,10002,164521,-0.004280736684917907
2016-08-12,10086,10130,10067,10084,164282,0.008198360327934306
2016-08-16,10134,10162,10115,10126,195704,0.004165013883379531
2016-08-17,10139,10139,10048,10126,174910,0.0
2016-08-18,10125,10134,10043,10084,143490,-0.0041477384949634155
2016-08-19,10125,10125,10043,10054,176505,-0.0029750099166997446
2016-08-22,10048,10077,9952,9969,202397,-0.008454346528744772
2016-08-23,9944,9985,9909,9911,185055,-0.005818035911325126
2016-08-24,9956,9990,9939,9969,204102,0.00585208354353739
2016-08-25,9990,10005,9919,9949,188076,-0.002006219279767296
2016-08-26,9939,9944,9848,9907,188199,-0.004221529801990198
2016-08-29,9909,9914,9748,9778,185916,-0.013021096194609894
2016-08-30,9779,9833,9771,9797,189154,0.0019431376559624347
2016-08-31,9756,9766,9693,9697,188148,-0.010207206287639048
2016-09-01,9688,9728,9627,9729,176242,0.003299989687532312
2016-09-02,9728,9733,9647,9733,196703,0.0004111419467571764
2016-09-05,9766,9819,9752,9820,207881,0.008938662282954812
2016-09-06,9823,9823,9771,9773,254397,-0.00478615071283095
2016-09-07,9789,9852,9789,9829,210112,0.005730072649135387
2016-09-08,9823,9838,9713,9724,177646,-0.010682673720622593
2016-09-09,9713,9733,9647,9701,197022,-0.002365281777046535
2016-09-12,9579,9593,9560,9577,4764,-0.012782187403360457
2016-09-13,9584,9603,9464,9505,7262,-0.007518011903518862
2016-09-19,9431,9489,9417,9486,2999,-0.001998947922146277
2016-09-20,9474,9522,9474,9524,2787,0.004005903436643532
2016-09-21,9489,9498,9489,9491,6515,-0.003464930701385982
2016-09-22,9564,9656,9564,9634,3629,0.015066905489411031
2016-09-23,9670,9675,9661,9677,154,0.004463358937097706
2016-09-26,9675,9675,9613,9615,17,-0.006406944300919704
2016-09-27,9637,9656,9637,9657,194,0.004368174726989027
2016-09-28,9703,9752,9688,9692,476,0.003624313969141646
2016-09-29,9748,9779,9728,9753,215,0.006293850598431794
2016-09-30,9703,9703,9608,9639,401,-0.011688711165795174
2016-10-04,9589,9651,9589,9619,131,-0.0020749040356883297
2016-10-05,9569,9589,9560,9562,100,-0.0059257719097619566
2016-10-06,9560,9574,9542,9567,4901,0.0005229031583351418
2016-10-07,9551,9551,9551,9552,112,-0.0015678896205707504
2016-10-10,9608,9622,9608,9610,184,0.006072026800669983
2016-10-11,9642,9675,9642,9677,209,0.006971904266389162
2016-10-12,9703,9703,9703,9706,49,0.0029967965278494546
2016-10-13,9656,9656,9564,9582,3614,-0.012775602719967027
2016-10-14,9569,9608,9569,9610,51,0.002922145689835176
2016-10-17,9608,9608,9560,9562,111,-0.004994797086368408
2016-10-18,9608,9608,9603,9610,161,0.005019870320016828
2016-10-19,9637,9666,9608,9610,103,0.0
2016-10-20,9632,9632,9632,9634,0,0.002497398543184204
2016-10-21,9598,9598,9598,9600,50,-0.0035291675316586613
2016-10-24,9618,9622,9589,9591,219,-0.0009375000000000355
2016-10-25,9618,9618,9569,9596,175,0.0005213220727766643
2016-10-26,9517,9517,9436,9458,218,-0.014380992080033295
2016-10-27,9484,9512,9455,9514,121,0.0059209135123705625
2016-10-28,9464,9464,9413,9428,155,-0.009039310489804553
2016-10-31,9368,9368,9273,9313,288,-0.01219770895205774
2016-11-01,9240,9273,9212,9271,204,-0.004509824975840182
2016-11-02,9192,9192,9097,9117,656,-0.016610937331463682
2016-11-03,9082,9177,9082,9181,532,0.0070198530218272825
2016-11-04,9217,9217,9167,9171,120,-0.001089205968848761
2016-11-07,9231,9273,9231,9276,364,0.011449133137062528
2016-11-08,9322,9322,9322,9323,51,0.0050668391548081
2016-11-09,9350,9363,8938,9080,766,-0.02606457148986374
2016-11-10,9182,9350,9182,9352,798,0.0299559471365638
2016-11-11,9345,9431,9307,9433,252,0.008661248930710075
2016-11-14,9464,9503,9459,9505,157,0.007632778543411378
2016-11-15,9517,9560,9517,9548,119,0.004523934771172966
2016-11-16,9589,9670,9589,9672,137,0.01298701298701288
2016-11-17,9608,9618,9608,9619,27,-0.005479735318445034
2016-11-18,9593,9593,9532,9567,208,-0.005405967356274077
2016-11-21,9564,9564,9459,9461,65,-0.011079753318699703
2016-11-22,9493,9493,9493,9496,10,0.003699397526688575
2016-11-23,9564,9564,9532,9533,11,0.0038963774220723835
2016-11-24,9469,9469,9436,9438,22,-0.009965383405014183
2016-11-25,9354,9354,9350,9352,30,-0.009112100021190894
2016-11-28,9326,9326,9326,9328,10,-0.0025662959794696683
2016-11-29,9388,9388,9341,9342,10988,0.0015008576329331724
2016-11-30,9326,9326,9258,9262,66,-0.008563476771569212
2016-12-01,9293,9293,9293,9294,958,0.003454977326711184
2016-12-02,9336,9336,9312,9313,36,0.0020443296750591866
2016-12-05,9258,9258,9258,9262,11,-0.005476216042091697
2016-12-06,9350,9393,9350,9395,115,0.014359749514143871
2016-12-07,9398,9398,9354,9357,62,-0.004044704630122409
2016-12-08,9445,9551,9445,9552,607,0.020840012824623333
2016-12-09,9560,9560,9560,9562,0,0.0010469011725293687
2016-12-12,9637,9637,9627,9639,466,0.008052708638360162
2016-12-13,9670,9698,9670,9701,303,0.006432202510633811
2016-12-14,9698,9698,9661,9662,302,-0.004020204102669789
2016-12-15,9632,9728,9632,9724,332,0.006416890912854578
2016-12-16,9698,9698,9608,9648,316,-0.007815713698066662
2016-12-19,9598,9598,9598,9600,630,-0.00497512437810943
2016-12-20,9613,9613,9613,9615,70,0.0015624999999999112
2016-12-21,9637,9637,9637,9639,3,0.002496099843993793
2016-12-22,9656,9656,9656,9657,1,0.0018674136321195078
2016-12-23,9647,9661,9647,9662,51,0.00051775913844887
2016-12-26,9675,9675,9666,9667,10,0.0005174912026495448
2016-12-27,9656,9656,9651,9653,5562,-0.0014482259232440065
2016-12-28,9713,9743,9713,9743,26,0.009323526364860557
2016-12-29,9748,9771,9743,9773,63,0.003079133737041939
2017-01-02,9771,9799,9752,9773,869,0.0
2017-01-03,9771,9774,9771,9778,250,0.0005116136293870088
2017-01-04,9774,9774,9774,9778,1,0.0
2017-01-05,9771,9774,9771,9778,11,0.0
2017-01-06,9774,9819,9774,9783,543,0.0005113520147268513
2017-01-09,9784,9784,9693,9724,130,-0.0060308698763160695
2017-01-10,9675,9675,9642,9643,197,-0.008329905388728909
2017-01-11,9723,9784,9675,9787,268,0.014933112102042845
2017-01-12,9784,9814,9784,9816,12,0.002963114335342798
2017-01-13,9852,9904,9852,9907,203,0.009270578647106786
2017-01-16,9880,9880,9862,9863,28,-0.004441304128394052
2017-01-17,9819,9833,9774,9811,16213,-0.005272229544763252
2017-01-18,9743,9743,9743,9743,1,-0.006930995821017194
2017-01-19,9779,9779,9779,9783,1,0.004105511649389326
2017-01-20,9684,9684,9684,9687,4,-0.009812940815700721
2017-01-23,9675,9675,9675,9677,1,-0.001032311345101733
2017-01-24,9608,9608,9574,9600,21,-0.0079570114704971
2017-01-25,9542,9542,9542,9543,60,-0.00593750000000004
2017-01-26,9542,9584,9542,9587,101,0.004610709420517667
2017-01-31,9564,9564,9564,9567,0,-0.002086158339417943
2017-02-01,9598,9703,9598,9706,113,0.014529110483955332
2017-02-02,9698,9698,9647,9648,30,-0.005975685143210341
2017-02-03,9574,9584,9564,9587,26,-0.006322553897180727
2017-02-06,9656,9656,9613,9615,297,0.002920621675185142
2017-02-07,9647,9670,9647,9672,3,0.005928237129485092
2017-02-08,9708,9708,9666,9667,2,-0.0005169561621174434
2017-02-09,9738,9761,9738,9738,7,0.007344574325023334
2017-02-10,9828,9866,9828,9868,20,0.013349763811870918
2017-02-13,9899,9961,9899,9925,16,0.005776246453182088
2017-02-14,9981,10000,9929,10002,44,0.0077581863979849786
2017-02-15,10057,10077,10057,10079,67,0.007698460307938415
2017-02-16,10077,10077,9981,9983,26,-0.009524754439924621
2017-02-17,9976,9976,9961,9974,8,-0.000901532605429245
2017-02-20,9952,9952,9952,9954,10,-0.0020052135552436345
2017-02-21,10067,10067,10067,10069,11,0.011553144464536924
2017-02-22,10105,10105,10105,10107,1,0.003773959678220251
2017-02-23,10139,10139,10120,10121,11,0.0013851785890965918
2017-02-24,10130,10130,10053,10069,17,-0.005137832230016848
2017-02-27,10081,10081,10081,10084,1,0.0014897209256132804
2017-02-28,10010,10062,10010,10064,11,-0.0019833399444665334
2017-03-02,10172,10196,10077,10079,215,0.0014904610492845194
2017-03-03,9934,9934,9934,9934,20,-0.014386347851969461
2017-03-06,9876,9876,9871,9873,5,-0.006140527481377056
2017-03-07,10000,10029,10000,10031,6,0.01600324116276708
2017-03-08,10067,10067,10067,10069,73,0.0037882564051441303
2017-03-09,10005,10005,10005,10006,0,-0.0062568278875757555
2017-03-10,10005,10005,10005,10006,0,0.0
2017-03-13,10005,10005,10005,10006,0,0.0
2017-03-14,10019,10019,10019,10021,0,0.001499100539676279
2017-03-15,10019,10019,10019,10021,0,0.0
2017-03-16,10115,10172,10100,10175,3,0.015367727771679496
2017-03-17,10201,10215,10192,10217,73,0.004127764127764166
2017-03-20,10201,10201,10201,10203,1,-0.0013702652442008079
2017-03-21,10144,10144,10144,10145,0,-0.005684602567872177
2017-03-22,10067,10090,10024,10026,1517,-0.011729916214884173
2017-03-23,10148,10157,10148,10160,2,0.013365250349092417
2017-03-24,10196,10201,10196,10203,10,0.004232283464566944
2017-03-27,10115,10120,10115,10121,21,-0.0080368519063021
2017-03-28,10196,10196,10187,10188,91,0.006619899219444614
2017-03-29,10192,10192,10192,10193,0,0.0004907734589714163
2017-03-30,10162,10162,10162,10165,0,-0.0027469832237809744
2017-03-31,10234,10234,10234,10237,1,0.007083128381701886
2017-04-03,10244,10244,10130,10131,411,-0.010354596073068323
2017-04-04,10130,10130,10130,10131,0,0.0
2017-04-05,10148,10148,10148,10150,4,0.0018754318428586547
2017-04-06,10162,10162,10162,10165,260,0.001477832512315258
2017-04-07,10162,10162,10162,10165,0,0.0
2017-04-10,10043,10067,10043,10069,55,-0.00944417117560259
2017-04-11,10067,10067,10067,10069,20,0.0
2017-04-12,10120,10120,10067,10069,2,0.0
2017-04-13,10120,10120,10120,10121,101,0.005164365875459431
2017-04-14,10086,10086,10081,10084,50,-0.0036557652405888597
2017-04-17,10125,10125,10125,10126,100,0.004165013883379531
2017-04-18,10157,10157,10157,10160,0,0.0033576930673513417
2017-04-19,10157,10157,10157,10160,0,0.0
2017-04-20,10157,10157,10157,10160,1,0.0
2017-04-21,10172,10172,10172,10175,0,0.001476377952756014
2017-04-24,10239,10239,10139,10183,469,0.0007862407862406773
2017-04-25,10187,10234,10130,10237,3,0.005302955906903772
2017-04-26,10268,10344,10268,10312,43,0.0073263651460389045
2017-04-27,10316,10336,10287,10337,22,0.0024243599689681705
2017-04-28,10195,10234,10195,10236,2,-0.009770726516397432
2017-05-02,10210,10263,10210,10264,386,0.0027354435326298887
2017-05-04,10263,10263,10200,10254,23,-0.0009742790335152129
2017-05-08,10268,10345,10200,10347,121,0.009069631363370467
2017-05-10,10495,10495,10427,10429,3,0.007925002416159233
2017-05-11,10466,10466,10461,10462,109,0.0031642535238278757
2017-05-12,10500,10500,10500,10502,18,0.0038233607340851794
2017-05-15,10500,10500,10452,10492,49,-0.0009521995810322093
2017-05-16,10548,10606,10500,10564,72,0.0068623713305375755
2017-05-17,10558,10567,10543,10569,59,0.00047330556607350083
2017-05-18,10509,10558,10495,10555,238,-0.0013246286309016586
2017-05-19,10582,10650,10563,10651,609,0.009095215537659795
2017-05-22,10751,10761,10736,10763,44,0.010515444559196396
2017-05-23,10766,10871,10756,10854,162,0.008454891758803207
2017-05-24,10853,10853,10814,10816,359,-0.0035010134512621915
2017-05-25,10969,11046,10969,11019,269,0.018768491124260267
2017-05-26,11109,11109,11046,11077,611,0.005263635538615086
2017-05-29,11099,11119,11046,11047,415,-0.0027083145255936136
2017-05-30,11036,11104,11036,11105,324,0.005250294197519656
2017-05-31,11147,11147,11114,11115,229,0.0009004952723998816
2017-06-01,11114,11114,11114,11115,54,0.0
2017-06-02,11147,11157,11142,11159,4342,0.0039586144849301785
2017-06-05,11147,11147,11094,11120,112,-0.0034949368222959576
2017-06-07,11138,11162,11138,11163,7722,0.003866906474820242
2017-06-08,11142,11152,11114,11154,7669,-0.0008062348830959465
2017-06-09,11195,11220,11186,11222,60,0.006096467634929104
2017-06-12,11230,11230,11114,11163,3619,-0.005257529852076281
2017-06-13,11268,11326,11268,11327,23,0.014691391203081716
2017-06-14,11423,11466,11423,11468,3583,0.012448132780082943
2017-06-15,11375,11375,11302,11303,14691,-0.014387861876525965
2017-06-16,11268,11273,11268,11275,871,-0.002477218437582973
2017-06-19,11331,11331,11210,11222,10482,-0.004700665188470121
2017-06-20,11162,11191,11124,11159,2078,-0.005613972553911939
2017-06-21,11061,11104,11012,11105,43,-0.004839143292409753
2017-06-22,11022,11104,11022,11105,217,0.0
2017-06-23,11104,11104,11104,11105,0,0.0
2017-06-26,11084,11084,11012,11067,162,-0.0034218820351192836
2017-06-27,11114,11147,11114,11129,13,0.0056022408963585235
2017-06-28,11172,11200,11157,11192,456,0.005660885973582497
2017-06-29,11240,11277,11225,11226,9636,0.003037884203002106
2017-06-30,11225,11297,11225,11275,74,0.004364867272403261
2017-07-03,11403,11433,11370,11376,1160,0.008957871396895856
2017-07-04,11379,11379,11360,11361,56,-0.0013185654008438519
2017-07-05,11287,11287,11287,11290,8,-0.006249449872370416
2017-07-06,11230,11249,11230,11235,53,-0.004871567759078821
2017-07-07,11225,11225,11220,11222,191,-0.0011570983533600865
2017-07-10,11268,11268,11240,11240,526,0.0016039921582604588
2017-07-11,11254,11254,11176,11178,230,-0.005516014234875466
2017-07-12,11157,11220,11157,11159,827,-0.0016997674002504626
2017-07-13,11124,11167,11119,11168,1382,0.0008065238820682552
2017-07-14,11128,11128,11104,11105,97,-0.005641117478510038
2017-07-17,11114,11176,11114,11178,9,0.006573615488518758
2017-07-18,11176,11176,11119,11120,169,-0.005188763642869909
2017-07-19,11172,11181,11172,11183,45,0.0056654676258993675
2017-07-20,11225,11302,11225,11298,1446,0.010283465975140738
2017-07-21,11263,11307,11263,11265,55,-0.0029208709506107766
2017-07-24,11230,11244,11191,11245,149,-0.001775410563692903
2017-07-25,11297,11297,11282,11285,159,0.0035571365051134674
2017-07-26,11317,11384,11317,11371,125,0.00762073548958786
2017-07-27,11418,11423,11418,11424,8,0.004660979685163991
2017-07-28,11448,11448,11341,11342,287,-0.007177871148459358
2017-07-31,11268,11312,11259,11313,261,-0.0025568682771998086
2017-08-01,11326,11505,11326,11483,419,0.015026960134358669
2017-08-02,11466,11485,11403,11488,134,0.00043542628233050884
2017-08-03,11413,11413,11215,11245,117,-0.021152506963788342
2017-08-04,11244,11292,11244,11294,23,0.004357492218763914
2017-08-07,11365,11413,11365,11376,681,0.007260492296794707
2017-08-08,11307,11307,11287,11294,125,-0.0072081575246132346
2017-08-09,11317,11317,11282,11294,102,0.0
2017-08-10,11277,11282,11104,11197,224,-0.008588631131574265
2017-08-11,11074,11074,10988,10989,141,-0.018576404394034074
2017-08-14,10906,10959,10901,10907,208,-0.007462007462007425
2017-08-16,10906,10906,10838,10893,391,-0.0012835793527092854
2017-08-17,11022,11032,11022,11032,7,0.012760488387037583
2017-08-18,10896,10916,10896,10917,13,-0.010424220449601118
2017-08-21,10858,10858,10790,10791,557,-0.01154163231657046
2017-08-22,10790,10819,10766,10820,822,0.0026874247057733225
2017-08-23,10819,10819,10819,10820,420,0.0
2017-08-24,10823,10823,10741,10743,4,-0.0071164510166358275
2017-08-25,10814,10814,10790,10791,27,0.004468025691147792
2017-08-28,10795,10804,10795,10806,273,0.0013900472616068527
2017-08-29,10756,10775,10703,10776,284,-0.0027762354247640175
2017-08-30,10785,10819,10770,10820,9,0.004083147735709058
2017-08-31,10775,10775,10775,10776,14,-0.004066543438077663
2017-09-01,10732,10732,10698,10704,981,-0.006681514476614692
2017-09-04,10645,10645,10587,10588,198,-0.010837070254110626
2017-09-05,10587,10630,10548,10598,146,0.0009444654325652113
2017-09-06,10461,10514,10399,10434,185,-0.015474617852424988
2017-09-07,10437,10480,10437,10482,10,0.004600345025876917
2017-09-08,10471,10471,10447,10448,200,-0.003243655790879596
2017-09-11,10480,10480,10384,10424,621,-0.0022970903522204766
2017-09-12,10408,10514,10408,10515,540,0.008729854182655483
2017-09-13,10485,10485,10485,10487,9,-0.0026628625772705528
2017-09-14,10432,10480,10432,10453,518,-0.0032421092781539373
2017-09-15,10505,10505,10505,10507,1,0.005165981058069535
2017-09-18,10500,10500,10466,10467,217,-0.0038069858189778705
2017-09-19,10466,10567,10466,10569,702,0.009744912582401843
2017-09-20,10509,10509,10389,10390,99,-0.016936323209385984
2017-09-21,10384,10403,10282,10284,57,-0.010202117420596735
2017-09-22,10249,10249,10046,10086,401,-0.019253208868144744
2017-09-25,10041,10041,9862,9863,18,-0.02210985524489395
2017-09-26,10021,10143,10007,10143,9,0.02838892831795592
2017-09-27,10128,10128,10128,10129,32,-0.0013802622498274575
2017-09-28,10026,10128,10026,10129,4,0.0
2017-09-29,10156,10234,10147,10236,127,0.010563727909961518
2017-10-10,10176,10176,10176,10178,101,-0.0056662758890191345
2017-10-11,10176,10176,10176,10178,1,0.0
2017-10-12,10258,10258,10205,10211,114,0.0032422872863038243
2017-10-13,10277,10277,10277,10279,463,0.006659484869258714
2017-10-16,10384,10412,10364,10385,340,0.010312287187469682
2017-10-17,10422,10422,10345,10361,243,-0.0023110255175734506
2017-10-18,10321,10336,10321,10337,6,-0.0023163787279220083
2017-10-19,10359,10432,10359,10419,115,0.007932669052916674
2017-10-20,10422,10447,10422,10448,81,0.002783376523658676
2017-10-23,10417,10417,10417,10419,0,-0.002775650842266497
2017-10-24,10466,10475,10466,10467,453,0.004606968039159165
2017-10-25,10447,10447,10447,10448,9,-0.0018152288143690187
2017-10-26,10509,10509,10509,10511,11,0.006029862174578904
2017-10-27,10524,10673,10524,10675,129,0.015602701931310081
2017-10-30,10630,10630,10524,10525,130,-0.014051522248243575
2017-10-31,10611,10660,10597,10598,1514,0.006935866983373007
2017-11-01,10620,10645,10587,10627,5326,0.002736365351953207
2017-11-02,10625,10630,10620,10622,210,-0.00047049967065027065
2017-11-03,10669,10722,10669,10695,284,0.006872528713989912
2017-11-06,10756,10756,10665,10666,124,-0.002711547452080465
2017-11-07,10770,10809,10770,10771,61,0.009844365272829503
2017-11-08,10766,10780,10736,10781,283,0.000928418902608863
2017-11-09,10853,10858,10828,10834,492,0.004916056024487414
2017-11-10,10790,10828,10790,10811,32,-0.00212294628022891
2017-11-13,10809,10809,10660,10690,327,-0.011192304134677644
2017-11-14,10678,10678,10606,10608,335,-0.007670720299345235
2017-11-15,10567,10567,10461,10462,45,-0.01376319758672695
2017-11-16,10412,10447,10412,10448,432,-0.0013381762569298905
2017-11-17,10582,10587,10543,10564,23,0.011102603369065767
2017-11-20,10500,10500,10500,10502,23,-0.005868989019310877
2017-11-21,10475,10475,10408,10419,6360,-0.007903256522567181
2017-11-22,10422,10422,10422,10424,36,0.00047989250407898254
2017-11-23,10548,10548,10548,10550,10,0.01208749040675361
2017-11-24,10529,10563,10529,10564,272,0.0013270142180095146
2017-11-27,10611,10611,10563,10564,32,0.0
2017-11-28,10592,10592,10592,10593,2,0.002745172283226127
2017-11-29,10567,10611,10543,10569,100,-0.0022656471254601795
2017-11-30,10640,10718,10615,10617,5308,0.004541583877377242
2017-12-01,10519,10562,10505,10530,14367,-0.008194405199208776
2017-12-04,10543,10620,10529,10608,5348,0.007407407407407307
2017-12-05,10698,10790,10698,10791,103,0.017251131221719396
2017-12-06,10698,10727,10582,10583,163,-0.019275322027615616
2017-12-07,10529,10558,10485,10487,1286,-0.009071151847302228
2017-12-08,10408,10408,10345,10347,17,-0.013349861733574886
2017-12-11,10316,10345,10316,10347,319,0.0
2017-12-12,10374,10399,10336,10371,1264,0.002319512902290599
2017-12-13,10412,10495,10412,10487,15414,0.011185035194291704
2017-12-14,10306,10306,10306,10309,0,-0.01697339563268807
2017-12-15,10359,10403,10359,10405,181,0.00931225143078862
2017-12-18,10427,10427,10374,10385,2628,-0.001922152811148492
2017-12-19,10311,10311,10311,10312,0,-0.007029369282619213
2017-12-20,10321,10471,10321,10472,6,0.015515903801396336
2017-12-21,10403,10427,10374,10405,5304,-0.006398013750954945
2017-12-22,10432,10461,10417,10462,2441,0.00547813551177323
2017-12-26,10447,10602,10447,10588,1623,0.012043586312368681
2017-12-27,10592,10645,10539,10627,1423,0.003683415187004213
2017-12-28,10708,10708,10708,10709,1,0.007716194598663684
2018-01-02,10698,10814,10673,10806,1386,0.009057801848912028
2018-01-03,10775,10775,10751,10753,95,-0.004904682583749764
2018-01-04,10790,10858,10775,10854,10238,0.009392727610899376
2018-01-05,10823,10863,10800,10864,343,0.0009213193292796351
2018-01-08,10881,10881,10881,10883,0,0.0017488954344624386
2018-01-09,10964,10978,10964,10980,400,0.00891298355232939
2018-01-10,11099,11210,11099,11212,228,0.021129326047358843
2018-01-11,11157,11176,11138,11168,64,-0.003924366749910813
2018-01-12,11225,11225,11162,11163,385,-0.00044770773638969086
2018-01-15,11191,11191,11191,11192,1,0.002597867956642519
2018-01-16,11089,11157,11089,11159,28,-0.0029485346676196844
2018-01-17,11128,11195,11065,11197,165,0.0034053230576216453
2018-01-18,11195,11195,11128,11139,98,-0.005179958917567173
2018-01-19,11157,11282,11157,11285,752,0.013107101176048186
2018-01-22,11355,11355,11277,11294,429,0.0007975188303057656
2018-01-23,11480,11582,11480,11584,218,0.02567735080573752
2018-01-24,11621,11669,11606,11656,149,0.006215469613259694
2018-01-25,11809,11935,11809,11936,229,0.024021962937542884
2018-01-26,11906,11950,11839,11950,2368,0.0011729222520107108
2018-01-29,12002,12113,11965,12052,1288,0.008535564853556554
2018-01-30,12076,12113,11930,11946,1946,-0.008795220710255514
2018-01-31,11799,11970,11776,11946,868,0.0
2018-02-01,11970,12492,11935,12057,35307,0.009291813159216566
2018-02-02,12099,12113,11975,12014,31893,-0.0035663929667413274
2018-02-05,11834,11834,11752,11752,1591,-0.021807890794073526
2018-02-06,11490,11578,11389,11579,489,-0.014720898570456109
2018-02-07,11747,11747,11268,11270,5266,-0.026686242335262067
2018-02-08,11273,11443,11273,11405,703,0.011978704525288375
2018-02-09,11124,11355,11124,11332,1180,-0.006400701446733881
2018-02-12,11331,11331,11191,11192,705,-0.012354394634662924
2018-02-13,11240,11240,11022,11023,356,-0.01510007147962833
2018-02-14,11017,11084,11017,11047,803,0.0021772657171368337
2018-02-19,11186,11307,11186,11303,97,0.023173712320086803
2018-02-20,11312,11312,11240,11240,24,-0.0055737414845615785
2018-02-21,11240,11240,11191,11230,616,-0.000889679715302516
2018-02-22,11167,11167,11084,11096,411,-0.011932324131789795
2018-02-23,11176,11181,11172,11178,6,0.007390050468637277
2018-02-26,11277,11297,11172,11173,135,-0.00044730721059227374
2018-02-27,11282,11307,11215,11260,926,0.00778662847936995
2018-02-28,11200,11200,11089,11115,596,-0.0128774422735346
2018-03-02,10964,11027,10896,11009,67893,-0.009536662168241117
2018-03-05,11002,11002,10800,10801,630,-0.0188936324825143
2018-03-06,10881,10921,10881,10888,10,0.008054809739838964
2018-03-07,10949,10949,10863,10864,405,-0.0022042615723733006
2018-03-08,10911,10930,10911,10931,566,0.006167157584683336
2018-03-09,11157,11205,11104,11129,525,0.018113621809532576
2018-03-12,11249,11249,11172,11212,214,0.007457992631862753
2018-03-13,11191,11191,11084,11087,348,-0.011148769175883033
2018-03-14,11114,11172,11094,11168,288,0.007305853702534559
2018-03-15,11109,11176,11065,11144,5645,-0.0021489971346705383
2018-03-16,11157,11191,11157,11159,16,0.0013460157932518868
2018-03-19,11128,11157,11109,11110,24,-0.004391074469038414
2018-03-20,11074,11138,11036,11139,741,0.0026102610261025117
2018-03-21,11195,11195,11089,11091,3009,-0.00430918394828983
2018-03-22,11157,11259,11157,11159,35280,0.006131097286087739
2018-03-23,10988,10993,10795,10796,508,-0.032529796576754144
2018-03-26,10770,11017,10746,11019,36,0.020655798443868
2018-03-27,11074,11220,11061,11212,40920,0.01751520101642612
2018-03-28,11104,11119,11099,11120,14,-0.00820549411344984
2018-03-29,11065,11065,11017,11037,316,-0.007464028776978382
2018-03-30,11138,11162,11109,11139,30555,0.009241641750475704
2018-04-02,11124,11200,10944,11032,14527,-0.009605889218062713
2018-04-03,11027,11027,11027,11028,11,-0.00036258158085566983
2018-04-04,10993,10993,10814,10816,287,-0.019223793978962678
2018-04-05,10833,10921,10833,10921,69,0.00970784023668636
2018-04-06,10926,10939,10911,10912,147,-0.0008241003571101135
2018-04-09,10997,11017,10934,10994,616,0.007514662756598289
2018-04-10,10886,10993,10886,10994,13,0.0
2018-04-11,10988,10993,10988,10989,544,-0.00045479352374022675
2018-04-12,11017,11041,11012,11019,145,0.0027300027300027896
2018-04-13,11002,11002,10934,10965,75120,-0.004900626191124413
2018-04-16,11027,11027,10944,10989,31906,0.002188782489740193
2018-04-17,10964,10973,10896,10970,151,-0.0017290017290017001
2018-04-18,11162,11220,11138,11222,3170,0.022971741112123967
2018-04-19,11263,11428,11259,11420,15186,0.017643913740866157
2018-04-20,11418,11490,11375,11492,23581,0.0063047285464097325
2018-04-23,11601,11655,11529,11618,3619,0.01096414897319864
2018-04-24,11606,11621,11544,11584,650,-0.0029264933723532893
2018-04-25,11510,11510,11453,11453,261,-0.011308701657458564
2018-04-26,11471,11578,11433,11559,411,0.009255216973718783
2018-04-27,11579,11579,11500,11526,1065,-0.002854918245522975
2018-04-30,11680,12051,11680,12033,5327,0.04398750650702765
2018-05-02,12169,12349,12076,12223,65207,0.0157899110778692
2018-05-03,12110,12212,12022,12023,791,-0.016362595107584088
2018-05-04,12081,12212,12081,12179,14351,0.012975130998918782
2018-05-08,12183,12246,12022,12042,5897,-0.01124887100747185
2018-05-09,11954,12022,11885,11931,10403,-0.009217737917289526
2018-05-10,12061,12251,12061,12252,4625,0.026904702036711026
2018-05-11,12329,12407,12159,12408,7179,0.01273261508325163
2018-05-14,12554,12988,12554,12989,6262,0.04682462927143782
2018-05-15,13081,13119,12919,13003,13847,0.0010778350912310497
2018-05-16,12676,12831,12588,12676,21736,-0.02514804275936322
2018-05-17,12744,12983,12671,12833,12143,0.012385610602713815
2018-05-18,12831,12963,12768,12964,2473,0.010208057352139033
2018-05-21,12959,12988,12856,12950,6036,-0.001079913606911398
2018-05-23,12831,12891,12691,12891,2035,-0.004555984555984605
2018-05-24,12909,12909,12607,12754,1405,-0.010627569622217004
2018-05-25,12222,12369,12114,12223,88828,-0.04163399717735616
2018-05-28,12831,13222,12831,13106,9123,0.07224085739998354
2018-05-29,13119,13119,12764,12774,5028,-0.02533190904929039
2018-05-30,12773,12773,12519,12731,12097,-0.00336621261938308
2018-05-31,12802,12846,12744,12808,2234,0.006048228733013916
2018-06-01,12812,12817,12641,12764,19031,-0.003435352904434752
2018-06-04,12876,12876,12699,12759,2136,-0.00039172673143217374
2018-06-05,12739,12788,12612,12789,2431,0.002351281448389475
2018-06-07,12812,12831,12783,12813,6030,0.0018766127140510402
2018-06-08,12797,12797,12666,12676,3746,-0.010692265667681222
2018-06-11,12719,12934,12719,12935,12819,0.02043231303250237
2018-06-12,12988,12988,12764,12852,3012,-0.0064166988790104185
2018-06-14,12739,12739,12471,12526,3065,-0.025365701836290055
2018-06-15,12524,12524,12349,12418,26877,-0.00862206610250682
2018-06-18,12392,12412,12100,12174,72639,-0.019648896762763712
2018-06-19,12110,12159,11832,11847,5270,-0.026860522424839828
2018-06-20,11944,11959,11817,11959,1706,0.009453870178104173
2018-06-21,11954,11954,11666,11667,10124,-0.024416757253950983
2018-06-22,11661,11705,11510,11579,9624,-0.0075426416388103545
2018-06-25,11579,11734,11574,11731,777,0.013127213058122367
2018-06-26,11656,11666,11579,11579,679,-0.012957122154974021
2018-06-27,11607,11607,11374,11374,4850,-0.01770446497970468
2018-06-28,11432,11437,11290,11340,51,-0.0029892737823105087
2018-06-29,11388,11471,11247,11472,122005,0.011640211640211673
2018-07-02,11432,11442,11037,11037,59548,-0.037918410041841044
2018-07-03,11085,11129,10905,11028,1343,-0.0008154389779831961
2018-07-04,10983,11007,10964,10979,553,-0.00444323540079794
2018-07-05,11012,11017,10847,10920,428,-0.005373895618908775
2018-07-06,10978,11159,10949,11160,785,0.0219780219780219
2018-07-09,11110,11110,10930,11082,48845,-0.006989247311827929
2018-07-10,11075,11188,11075,11189,5523,0.009655296877819852
2018-07-11,11134,11139,11007,11130,878,-0.005273036017517163
2018-07-12,11164,11188,11062,11160,124,0.0026954177897573484
2018-07-13,11257,11275,11202,11247,165,0.007795698924731198
2018-07-16,11217,11217,11178,11179,10,-0.006046056726238147
2018-07-17,11173,11247,11144,11247,106,0.0060828338849627794
2018-07-18,11252,11252,11120,11125,221,-0.0108473370676625
2018-07-19,11037,11070,11022,11062,409,-0.005662921348314587
2018-07-20,11037,11042,10993,10994,8,-0.0061471704935816
2018-07-23,11052,11070,10993,11032,579,0.003456430780425679
2018-07-24,11032,11144,11032,11087,532,0.004985496736765738
2018-07-25,11149,11169,11085,11087,112,0.0
2018-07-26,11217,11252,11183,11252,713,0.014882294579236843
2018-07-27,11207,11285,11183,11287,95,0.0031105581230004287
2018-07-30,11212,11285,11212,11262,242,-0.0022149375387614523
2018-07-31,11334,11378,11295,11379,19,0.01038891848694723
2018-08-01,11378,11461,11344,11462,5948,0.007294138324984711
2018-08-02,11437,11442,11280,11311,15749,-0.013173966149014116
2018-08-03,11417,11539,11397,11540,1118,0.02024577844576081
2018-08-06,11452,11574,11452,11501,6057,-0.0033795493934142273
2018-08-07,11490,11490,11412,11477,16077,-0.0020867750630380044
2018-08-08,11432,11442,11349,11374,62386,-0.008974470680491398
2018-08-09,11383,11383,11369,11369,186,-0.0004395990856339571
2018-08-10,11442,11442,11402,11404,6390,0.003078546925850967
2018-08-13,11402,11402,11173,11179,155,-0.019729919326552103
2018-08-14,11232,11242,11197,11199,135,0.0017890687896948698
2018-08-16,11188,11232,11188,11232,2,0.0029466916688989375
2018-08-17,11324,11334,11280,11301,991,0.006143162393162482
2018-08-20,11344,11476,11344,11462,133,0.01424652685603034
2018-08-21,11412,11427,11407,11427,5,-0.0030535683126854396
2018-08-22,11437,11485,11397,11409,1203,-0.0015752165922814365
2018-08-23,11402,11427,11242,11277,5820,-0.011569813305285281
2018-08-24,11261,11300,11207,11292,12319,0.00133014099494555
2018-08-27,11290,11300,11227,11282,659,-0.0008855827134254257
2018-08-28,11324,11432,11324,11414,5403,0.01170005318205991
2018-08-29,11476,11632,11476,11599,1110,0.016208165410898978
2018-08-30,11579,11587,11466,11506,34,-0.008017932580394849
2018-08-31,11456,11515,11437,11482,4959,-0.002085868242655997
2018-09-03,11456,11500,11412,11414,13551,-0.005922313185856121
2018-09-04,11437,11442,11359,11442,1695,0.002453127737865879
2018-09-05,11442,11442,11383,11409,1178,-0.0028841111693760357
2018-09-06,11369,11456,11369,11423,6770,0.0012271014111666645
2018-09-07,11427,11520,11378,11506,5275,0.007266042195570366
2018-09-10,11471,11602,11447,11569,846,0.005475404136972006
2018-09-11,11587,11671,11587,11642,656,0.006309966289221203
2018-09-12,11685,11749,11627,11750,417,0.009276756571035882
2018-09-13,11792,11964,11787,11935,12383,0.01574468085106373
2018-09-14,11939,12022,11939,12009,277,0.0062002513615417865
2018-09-17,12007,12007,11847,11921,5760,-0.0073278374552419034
2018-09-18,11881,11949,11881,11916,3307,-0.0004194279003438828
2018-09-19,11959,11959,11817,11818,3066,-0.00822423632091307
2018-09-20,11817,11817,11719,11745,10595,-0.006177018107970889
2018-09-21,11866,11929,11847,11891,3338,0.012430821626223887
2018-09-27,11905,12032,11905,12004,3305,0.009502985451181667
2018-09-28,11983,11987,11939,11979,9736,-0.0020826391202932726
2018-10-01,11992,12007,11910,12009,19428,0.0025043826696720117
2018-10-02,12007,12051,11900,11945,10398,-0.005329336331085011
2018-10-04,11934,11934,11700,11740,4174,-0.01716199246546668
2018-10-05,11729,11792,11617,11789,33317,0.004173764906303168
2018-10-08,11700,11739,11666,11682,1137,-0.00907625752820429
2018-10-10,11656,11656,11369,11369,5873,-0.026793357301831855
2018-10-11,10959,11062,10783,10784,16835,-0.05145571290350959
2018-10-12,10802,10944,10764,10930,15020,0.013538575667655817
2018-10-15,10905,10920,10837,10837,279,-0.008508691674290914
2018-10-16,10895,10973,10895,10930,1669,0.008581710805573461
2018-10-17,11017,11080,11017,11037,500,0.009789569990850788
2018-10-18,11022,11022,10925,10935,67,-0.009241641750475704
2018-10-19,10798,11012,10739,11014,501,0.007224508459076295
2018-10-22,10930,11032,10910,11032,4429,0.0016342836390048632
2018-10-23,10959,10959,10662,10672,26580,-0.03263234227701228
2018-10-24,10798,10802,10690,10730,1101,0.005434782608695565
2018-10-25,10539,10593,10388,10579,66448,-0.014072693383038182
2018-10-26,10510,10510,10193,10228,23172,-0.033178939408261665
2018-10-29,10193,10280,9953,9955,22236,-0.026691435275713715
2018-10-30,9953,10027,9837,10028,43177,0.007332998493219556
2018-10-31,10027,10247,9983,10247,36650,0.021838851216593458
2018-11-01,10232,10388,10232,10257,24994,0.0009758953840148799
2018-11-02,10271,10573,10271,10570,713,0.030515745344642742
2018-11-05,10466,10466,10403,10457,1094,-0.010690633869441801
2018-11-06,10632,10632,10485,10555,12,0.00937171272831594
2018-11-07,10670,10764,10442,10477,957,-0.007389862624348598
2018-11-08,10627,10695,10593,10594,5033,0.011167318888994915
2018-11-09,10632,10652,10535,10604,10016,0.0009439305267131548
2018-11-12,10588,10662,10588,10623,287,0.0017917766880422015
2018-11-13,10457,10622,10363,10609,13261,-0.0013178951332015743
2018-11-14,10622,10680,10559,10682,6725,0.006880950136676445
2018-11-15,10617,10764,10617,10765,11690,0.007770080509267974
2018-11-16,10870,11017,10870,11004,742,0.022201579191825305
2018-11-19,11066,11129,10973,11042,11757,0.003453289712831653
2018-11-20,11012,11159,11012,11160,2660,0.010686469842419832
2018-11-21,11047,11257,11022,11257,7462,0.008691756272401374
2018-11-22,11247,11285,11169,11169,6011,-0.007817358088300641
2018-11-23,11193,11193,11052,11092,342,-0.006894081833646704
2018-11-26,11139,11197,11100,11150,9827,0.005228993869455412
2018-11-27,11139,11197,11125,11199,2077,0.004394618834080655
2018-11-28,11207,11237,11125,11237,423,0.0033931601035805947
2018-11-29,11266,11329,11266,11330,1323,0.008276230310581223
2018-11-30,11334,11369,11285,11355,38170,0.0022065313327448433
2018-12-03,11442,11637,11427,11609,58238,0.02236900044033474
2018-12-04,11607,11607,11456,11545,25810,-0.005512964079593452
2018-12-05,11452,11529,11452,11506,4892,-0.0033780857514075224
2018-12-06,11515,11529,11275,11292,5206,-0.01859899183034941
2018-12-07,11412,11412,11217,11282,162,-0.0008855827134254257
2018-12-10,11149,11183,11002,11125,594,-0.01391597234532882
2018-12-11,11095,11164,11095,11130,10726,0.0004494382022472987
2018-12-12,11290,11290,11212,11272,310,0.012758310871518352
2018-12-13,11290,11461,11266,11457,3503,0.016412349183818398
2018-12-14,11456,11520,11402,11427,5551,-0.0026184865147944603
2018-12-17,11480,11529,11471,11496,2364,0.006038330270412118
2018-12-18,11412,11490,11374,11432,100,-0.005567153792623514
2018-12-19,11466,11476,11374,11477,543,0.003936319104268726
2018-12-20,11447,11500,11315,11462,206,-0.0013069617495861108
2018-12-21,11432,11461,11310,11350,2428,-0.009771418600593273
2018-12-24,11334,11344,11280,11316,1679,-0.002995594713656402
2018-12-26,11227,11227,11032,11111,8065,-0.018115942028985477
2018-12-27,11290,11383,11247,11287,9445,0.015840158401583926
2018-12-28,11339,11339,11305,11306,64,0.001683352529458615
2019-01-02,11305,11344,11022,11087,20393,-0.019370245887139537
2019-01-03,11017,11017,10866,10867,1394,-0.01984305943898257
2019-01-04,10802,10870,10730,10809,3710,-0.005337259593264032
2019-01-07,10920,11070,10920,11067,1770,0.023868998057174684
2019-01-08,11095,11129,11052,11087,592,0.0018071744826964053
2019-01-09,11139,11344,11139,11340,4012,0.02281951835482987
2019-01-10,11324,11359,11280,11335,2093,-0.00044091710758376035
2019-01-11,11349,11432,11349,11432,282,0.008557565063961103
2019-01-14,11427,11452,11359,11404,9172,-0.0024492652204338716
2019-01-15,11456,11564,11456,11535,556,0.011487197474570277
2019-01-16,11505,11612,11505,11609,870,0.006415257910706629
2019-01-17,11607,11607,11515,11579,79400,-0.0025842019123094584
2019-01-18,11632,11666,11632,11667,2405,0.00759996545470254
2019-01-21,11759,11759,11666,11716,5628,0.004199880003428413
2019-01-22,11734,11734,11642,11667,2736,-0.004182314783202412
2019-01-23,11656,11871,11656,11867,33740,0.017142367360932553
2019-01-24,11851,11939,11812,11901,31636,0.0028650880593241723
2019-01-25,11871,12007,11837,11989,1626,0.007394336610368812
2019-01-28,11944,12046,11944,11994,17731,0.00041704896154803883
2019-01-29,11929,11934,11866,11935,2163,-0.004919126229781523
2019-01-30,11997,12100,11949,12101,1259,0.013908671973188014
2019-01-31,12237,12237,12071,12179,42133,0.006445748285265784
2019-02-01,12192,12217,12100,12184,125881,0.00041054273749896453
2019-02-07,12256,12256,12095,12174,16470,-0.0008207485226526812
2019-02-08,12144,12144,12012,12028,31232,-0.011992771480203723
2019-02-11,12056,12095,11924,12028,61102,0.0
2019-02-12,12027,12056,11992,12037,1592,0.0007482540738277255
2019-02-13,12061,12095,12037,12047,7282,0.0008307717869902032
2019-02-14,11987,11987,11822,11969,3159,-0.006474640989457936
2019-02-15,11979,11992,11924,11979,1011,0.0008354916868578144
2019-02-18,12046,12046,11983,12009,24628,0.0025043826696720117
2019-02-19,11974,12056,11974,12057,2994,0.003997002248313786
2019-02-20,12056,12222,12056,12213,345,0.01293854192585231
2019-02-21,12154,12188,12124,12174,5932,-0.0031933185949397647
2019-02-22,12139,12178,12134,12169,1944,-0.00041071135206172116
2019-02-25,12241,12261,12188,12252,3107,0.006820609746076123
2019-02-26,12256,12281,12222,12272,22062,0.0016323865491347789
2019-02-27,12271,12271,12212,12242,621,-0.002444589308996048
2019-02-28,12295,12295,11983,11984,22002,-0.02107498774710015
2019-03-04,11949,12114,11949,12042,2997,0.004839786381842348
2019-03-05,11979,11983,11851,11926,2282,-0.009632951336987161
2019-03-06,11924,11924,11890,11926,2408,0.0
2019-03-07,11944,11944,11787,11828,555,-0.008217340264967343
2019-03-08,11769,11797,11724,11726,14301,-0.008623605005072754
2019-03-11,11710,11724,11612,11726,5364,0.0
2019-03-12,11802,11861,11783,11837,55708,0.00946614361248499
2019-03-13,11802,11876,11764,11877,30892,0.0033792346033623133
2019-03-14,11900,12012,11900,12013,1473,0.011450703039488141
2019-03-15,12002,12100,12002,12086,118,0.006076750187297142
2019-03-18,12086,12129,12056,12101,16800,0.0012411054112195785
2019-03-19,12110,12110,12056,12081,984,-0.0016527559705808992
2019-03-20,12095,12095,11944,12028,1132,-0.004387054051816941
2019-03-21,12042,12081,11895,11896,2077,-0.010974393082806788
2019-03-22,11919,11949,11822,11867,45813,-0.002437794216543332
2019-03-25,11719,11783,11642,11642,2803,-0.01896014156905701
2019-03-26,11710,11739,11642,11716,3821,0.006356296169043096
2019-03-27,11661,11719,11632,11672,381,-0.0037555479685900117
2019-03-28,11554,11587,11485,11526,3583,-0.012508567511994473
2019-03-29,11564,11622,11524,11599,8074,0.006333506854069082
2019-04-01,11597,11817,11597,11779,73575,0.015518579187860926
2019-04-02,11787,11851,11783,11842,1129,0.005348501570591635
2019-04-03,11797,11876,11787,11847,2556,0.00042222597534191664
2019-04-04,11900,11954,11851,11949,331,0.00860977462648771
2019-04-05,11949,11997,11919,11959,1537,0.0008368901163278153
2019-04-08,12002,12056,11969,12047,2841,0.0073584747888619795
2019-04-09,12012,12086,11969,12067,1338,0.0016601643562712542
2019-04-10,12017,12105,11997,12106,214,0.0032319549183723595
2019-04-11,12139,12217,12139,12169,950,0.005204031058978931
2019-04-12,12217,12369,12129,12364,919,0.016024324102226872
2019-04-15,12583,12583,12509,12511,1786,0.011889356195406098
2019-04-16,12617,12759,12554,12667,9013,0.01246902725601462
2019-04-17,12656,12656,12481,12481,90585,-0.014683824109891885
2019-04-18,12529,12534,12349,12349,82650,-0.010576075634965099
2019-04-19,12456,12519,12344,12486,1972,0.011094015709774085
2019-04-22,12568,12568,12407,12476,1760,-0.0008008970046452513
2019-04-23,12451,12476,12432,12462,1814,-0.0011221545367104957
2019-04-24,12486,12486,12281,12316,7141,-0.011715615471031948
2019-04-25,12314,12314,12251,12272,353,-0.003572588502760654
2019-04-26,12197,12246,12188,12189,1260,-0.006763363754889173
2019-04-29,12213,12341,12203,12341,2837,0.012470260070555517
2019-04-30,12395,12444,12272,12420,160443,0.006401426140507205
2019-05-02,12380,12558,12346,12479,155700,0.00475040257648951
2019-05-03,12484,12484,12380,12445,228,-0.0027245772898469856
2019-05-07,12267,12292,12198,12248,3708,-0.015829650462032996
2019-05-08,12149,12282,12149,12253,1471,0.0004082299150882651
2019-05-09,12149,12149,11942,11943,1754,-0.02529992654860036
2019-05-10,11977,12016,11839,11962,17863,0.0015908900611236731
2019-05-13,11922,11922,11735,11736,7343,-0.018893161678649073
2019-05-14,11666,11819,11632,11805,49842,0.005879345603271968
2019-05-15,11770,11957,11770,11947,19591,0.012028801355357999
2019-05-16,11981,11981,11799,11839,33943,-0.009039926341340876
2019-05-17,11839,11863,11725,11726,4002,-0.009544725061238268
2019-05-20,11725,11730,11573,11573,4830,-0.013047927682074079
2019-05-21,11553,11602,11543,11544,7362,-0.0025058325412598004
2019-05-22,11578,11578,11450,11558,1027,0.0012127512127511064
2019-05-23,11445,11558,11445,11558,1786,0.0
2019-05-24,11538,11602,11499,11568,161994,0.0008652015919710099
2019-05-27,11558,11652,11528,11558,188739,-0.0008644536652835377
2019-05-28,11543,11671,11528,11637,60348,0.006835092576570334
2019-05-29,11553,11553,11440,11465,54014,-0.014780441694594804
2019-05-30,11440,11563,11381,11563,48857,0.008547754034016641
2019-05-31,11499,11499,11341,11386,192355,-0.015307446164490202
2019-06-03,11297,11430,11292,11425,198298,0.0034252590901107105
2019-06-04,11410,11509,11395,11416,58328,-0.0007877461706783384
2019-06-05,11519,11538,11474,11485,951,0.006044148563419727
2019-06-07,11533,11612,11514,11558,1429,0.006356116673922552
2019-06-10,11617,11622,11553,11618,1807,0.005191209551825615
2019-06-11,11627,11799,11622,11770,3199,0.013083146841108562
2019-06-12,11770,11784,11711,11711,5120,-0.005012744265080693
2019-06-13,11686,11804,11583,11805,116,0.008026641618990693
2019-06-14,11784,11784,11627,11682,11640,-0.01041931385006356
2019-06-17,11711,11711,11632,11677,10764,-0.0004280089025852085
2019-06-18,11676,11716,11637,11686,46794,0.0007707459107646475
2019-06-19,11789,11814,11745,11800,8627,0.009755262707513257
2019-06-20,11799,11839,11780,11785,298,-0.0012711864406779183
2019-06-21,11809,11809,11681,11682,76737,-0.008739923631735258
2019-06-24,11755,11755,11602,11647,35542,-0.0029960623180962376
2019-06-25,11632,11666,11573,11588,17369,-0.005065682149909878
2019-06-26,11523,11568,11494,11524,32568,-0.005522954780807776
2019-06-27,11528,11691,11528,11618,32603,0.008156889968760739
2019-06-28,11622,11632,11504,11593,60392,-0.0021518333620244023
2019-07-01,11642,11661,11573,11622,57270,0.002501509531613877
2019-07-02,11558,11583,11548,11583,6617,-0.003355704697986628
2019-07-03,11583,11602,11469,11480,2704,-0.008892342225675587
2019-07-04,11484,11533,11386,11534,388,0.004703832752613213
2019-07-05,11558,11587,11464,11588,28811,0.004681810299982603
2019-07-08,11543,11543,11312,11312,2732,-0.02381774249223334
2019-07-09,11322,11326,11164,11194,29476,-0.010431400282885472
2019-07-10,11213,11213,11149,11204,1999,0.0008933357155618271
2019-07-11,11223,11302,11223,11302,339,0.008746876115673041
2019-07-12,11302,11361,11297,11332,3132,0.002654397451778534
2019-07-15,11336,11341,11194,11238,33436,-0.008295093540416465
2019-07-16,11277,11302,11189,11278,17520,0.0035593521979000453
2019-07-17,11218,11218,11125,11204,16981,-0.0065614470650824375
2019-07-18,11125,11154,11110,11120,16926,-0.007497322384862559
2019-07-19,11154,11262,11115,11248,1230,0.011510791366906581
2019-07-22,11208,11233,11193,11204,191,-0.003911806543385521
2019-07-23,11159,11208,11144,11184,19155,-0.001785076758300641
2019-07-24,11193,11267,11179,11189,2337,0.00044706723891274613
2019-07-25,11149,11164,11001,11076,5361,-0.010099204575922727
2019-07-26,11051,11075,10962,10977,1479,-0.008938244853737842
2019-07-29,10962,10962,10740,10741,1917,-0.021499498952354923
2019-07-30,10755,10883,10735,10854,22674,0.010520435713620602
2019-07-31,10809,10814,10671,10815,162670,-0.0035931453841901995
2019-08-01,10814,10829,10662,10702,100127,-0.010448451225150257
2019-08-02,10676,10721,10588,10642,986,-0.005606428704915012
2019-08-05,10676,10676,10253,10268,1178,-0.03514376996805113
2019-08-06,9948,10287,9948,10076,1421,-0.018698870276587454
2019-08-07,10145,10149,9967,10071,1983,-0.000496228662167475
2019-08-08,10115,10238,10115,10175,371,0.010326680567967372
2019-08-09,10277,10277,10204,10263,473,0.00864864864864856
2019-08-12,10332,10332,10169,10253,7905,-0.0009743739647276595
2019-08-13,10184,10258,10159,10244,252,-0.0008777918657953965
2019-08-14,10342,10356,10253,10263,315,0.0018547442405310033
2019-08-16,10036,10081,9987,10042,19417,-0.02153366462048134
2019-08-19,10090,10209,10090,10194,11504,0.015136427006572362
2019-08-20,10233,10312,10233,10278,15131,0.008240141259564515
2019-08-21,10371,10396,10307,10396,686,0.011480832846857414
2019-08-22,10435,10435,10282,10322,872,-0.0071181223547518435
2019-08-23,10238,10297,10228,10278,296,-0.004262739779112623
2019-08-26,10140,10140,10066,10071,251,-0.020140105078809145
2019-08-27,10130,10169,10066,10066,128,-0.000496475027306098
2019-08-28,10115,10238,10115,10239,36,0.017186568646930356
2019-08-29,10238,10268,10218,10268,367,0.00283230784256272
2019-08-30,10361,10425,10346,10347,500,0.007693805999220871
2019-09-02,10450,10450,10327,10411,47486,0.00618536773944145
2019-09-03,10410,10420,10391,10421,43,0.0009605225242532711
2019-09-04,10371,10484,10351,10485,646,0.006141445158813985
2019-09-05,10489,10573,10450,10500,778,0.0014306151645206988
2019-09-06,10499,10553,10445,10445,25209,-0.005238095238095264
2019-09-09,10563,10578,10396,10441,27817,-0.00038295835327906147
2019-09-10,10470,10612,10470,10603,5984,0.015515755195862457
2019-09-11,10603,10711,10603,10711,8616,0.010185796472696351
2019-09-16,10800,10824,10760,10825,275,0.010643263934273284
2019-09-17,10824,10903,10809,10899,2006,0.006836027713625903
2019-09-18,10898,10898,10775,10844,466,-0.005046334526103258
2019-09-19,10839,10859,10760,10775,84233,-0.006362965695315359
2019-09-20,10775,10844,10775,10839,67924,0.0059396751740139475
2019-09-23,10745,10903,10745,10903,15,0.005904603745733095
2019-09-24,11006,11006,10873,10894,284,-0.0008254608823259346
2019-09-25,10849,10849,10790,10790,112,-0.009546539379474916
2019-09-26,10824,10824,10696,10697,184,-0.008619091751621899
2019-09-27,10691,10696,10598,10603,204,-0.008787510516967356
2019-09-30,10612,10632,10539,10618,59940,0.0014146939545411907
2019-10-01,10603,10706,10583,10667,37043,0.004614805048031689
2019-10-02,10573,10573,10465,10465,15208,-0.018936908221618087
2019-10-04,10465,10465,10317,10362,708,-0.009842331581461972
2019-10-07,10410,10410,10218,10234,1449,-0.012352827639451891
2019-10-08,10218,10346,10218,10278,728,0.004299394176275229
2019-10-10,10268,10268,10169,10199,459,-0.007686320295777427
2019-10-11,10273,10307,10258,10258,11476,0.0057848808706735255
2019-10-14,10386,10435,10386,10406,437,0.014427763696627016
2019-10-15,10470,10470,10425,10470,570,0.006150297905054725
2019-10-16,10470,10543,10455,10500,2483,0.002865329512893977
2019-10-17,10539,10539,10460,10470,1192,-0.0028571428571428914
2019-10-18,10529,10529,10430,10431,19,-0.0037249283667621924
2019-10-21,10499,10524,10435,10524,764,0.008915731952832795
2019-10-22,10568,10652,10568,10652,101,0.012162675788673472
2019-10-23,10667,10667,10489,10544,302,-0.010138941043935423
2019-10-24,10553,10553,10450,10519,875,-0.002371016691957495
2019-10-25,10519,10539,10499,10539,58,0.0019013214183858373
2019-10-28,10543,10543,10479,10524,5367,-0.001423284941645342
2019-10-29,10519,10534,10445,10495,10552,-0.002755606233371344
2019-10-30,10361,10410,10346,10347,6889,-0.014101953311100535
2019-10-31,10410,10420,10386,10401,114,0.0052189040301535705
2019-11-01,10337,10371,10337,10352,169,-0.0047110854725507245
2019-11-04,10479,10558,10479,10554,409,0.019513137557959803
2019-11-05,10548,10573,10494,10573,937,0.0018002653022550774
2019-11-06,10647,10647,10534,10633,113,0.0056748321195498885
2019-11-07,10632,10652,10622,10623,37065,-0.0009404683532399094
2019-11-08,10637,10662,10637,10657,24779,0.0032006024663466803
2019-11-11,10731,10731,10617,10628,112,-0.0027212161020925274
2019-11-12,10671,10726,10662,10726,2019,0.009220925856228801
2019-11-13,10726,10726,10627,10682,104,-0.00410218161476783
2019-11-14,10598,10701,10598,10702,1978,0.001872308556450042
2019-11-15,10765,10790,10706,10790,87,0.008222762100541958
2019-11-18,10824,10824,10701,10731,3647,-0.005468025949953659
2019-11-19,10780,10780,10603,10682,9,-0.004566210045662156
2019-11-20,10598,10607,10484,10500,5849,-0.017038007863695914
2019-11-21,10499,10499,10302,10367,1206,-0.012666666666666715
2019-11-22,10440,10445,10356,10421,7848,0.005208835728754746
2019-11-25,10519,10529,10484,10529,1037,0.01036368870549853
2019-11-26,10529,10548,10519,10519,1330,-0.0009497578117579897
2019-11-27,10519,10519,10489,10505,4123,-0.0013309249928700195
2019-11-28,10479,10499,10420,10426,2541,-0.007520228462636891
2019-11-29,10455,10455,10307,10312,83,-0.010934202954153038
2019-12-02,10307,10307,10243,10244,49,-0.006594259115593526
2019-12-03,10095,10199,10095,10199,1300,-0.004392815306520914
2019-12-04,10154,10154,10115,10125,100,-0.007255613295421126
2019-12-05,10228,10228,10076,10076,4,-0.004839506172839458
2019-12-06,10125,10164,10125,10125,304,0.004863040889241832
2019-12-09,10253,10253,10095,10096,2105,-0.0028641975308641987
2019-12-10,10095,10189,10095,10175,8099,0.007824881141045958
2019-12-11,10189,10263,10179,10234,930,0.0057985257985258
2019-12-12,10342,10391,10317,10391,714,0.015341020128981864
2019-12-13,10484,10499,10445,10480,507,0.008565104417284086
2019-12-16,10489,10489,10430,10475,571,-0.0004770992366411875
2019-12-17,10514,10514,10406,10470,1122,-0.0004773269689737347
2019-12-18,10543,10543,10435,10460,73,-0.0009551098376313627
2019-12-19,10509,10509,10440,10441,302,-0.0018164435946462776
2019-12-20,10470,10539,10420,10539,800,0.00938607413083048
2019-12-23,10588,10588,10479,10505,2532,-0.003226112534396086
2019-12-24,10607,10607,10450,10490,721,-0.0014278914802474674
2019-12-26,10573,10573,10440,10524,13603,0.003241182078169702
2019-12-27,10607,10627,10479,10603,2788,0.007506651463321967
2019-12-30,10642,10642,10588,10633,1405,0.0028293879090823815
2020-01-02,10671,10671,10494,10519,12604,-0.010721339226934967
2020-01-03,10593,10593,10445,10509,15176,-0.0009506607091929187
2020-01-06,10396,10396,10233,10244,371,-0.02521648111142827
2020-01-07,10263,10312,10204,10258,1410,0.001366653650917593
2020-01-08,10145,10145,9884,9914,1573,-0.03353480210567361
2020-01-09,10081,10081,9957,10066,4076,0.015331853943917784
2020-01-10,10002,10130,10002,10130,661,0.00635803695608983
2020-01-13,10228,10228,10110,10209,3618,0.0077986179664364386
2020-01-14,10209,10243,10209,10229,259,0.001959055735135662
2020-01-15,10292,10292,10238,10258,1662,0.0028350767425946444
2020-01-16,10253,10322,10248,10322,14292,0.006239032949892698
2020-01-17,10322,10327,10292,10317,2145,-0.0004844022476264698
2020-01-20,10351,10351,10287,10303,643,-0.0013569836192691698
2020-01-21,10302,10302,10233,10268,244,-0.0033970688149083106
2020-01-22,10268,10430,10268,10431,1063,0.015874561745227833
2020-01-23,10455,10455,10391,10441,963,0.0009586808551433901
2020-01-28,10209,10209,10046,10047,655,-0.037735849056603765
2020-01-29,10036,10110,10031,10106,113,0.005872399721309929
2020-01-30,10076,10076,9884,9884,1085,-0.02196714822877499
2020-01-31,9923,9933,9785,9786,2547,-0.009915014164305958
2020-02-03,9618,9706,9544,9628,5294,-0.0161455139995913
2020-02-04,9691,9751,9691,9751,6239,0.01277523888658072
2020-02-05,9775,9780,9731,9731,1232,-0.002051071684955441
2020-02-06,9962,10085,9962,10086,83,0.03648134826842053
2020-02-07,10071,10071,9977,10007,472,-0.00783263930200273
2020-02-10,9952,9962,9888,9963,475,-0.0043969221544918335
2020-02-11,10012,10066,10012,10056,1290,0.009334537789822406
2020-02-12,10041,10081,10021,10081,125,0.0024860779634048313
2020-02-13,10095,10095,9997,9997,135,-0.008332506695764352
2020-02-14,9977,9977,9933,9943,828,-0.005401620486145897
2020-02-17,9952,9992,9898,9992,368,0.0049280901136476984
2020-02-18,9918,9918,9839,9840,269,-0.01521216973578865
2020-02-19,9839,9839,9800,9800,119,-0.004065040650406471
2020-02-20,9810,9810,9667,9667,436,-0.013571428571428568
2020-02-21,9618,9618,9504,9515,891,-0.015723595738078022
2020-02-24,9327,9327,9155,9155,11053,-0.03783499737256968
2020-02-25,9115,9248,9115,9249,11245,0.010267613326051306
2020-02-26,9145,9204,9130,9204,152,-0.0048653908530651435
2020-02-27,9189,9189,9071,9096,177,-0.011734028683181186
2020-02-28,8972,8972,8692,8756,10541,-0.037379067722075665
2020-03-02,8790,8790,8638,8712,1203,-0.005025125628140725
2020-03-03,8761,8761,8697,8697,186,-0.001721763085399397
2020-03-04,8795,8835,8775,8835,708,0.01586754053121764
2020-03-05,8903,8972,8869,8958,2748,0.013921901528013647
2020-03-06,8815,8815,8638,8712,10025,-0.02746148693904893
2020-03-09,8578,8578,8283,8357,2029,-0.04074839302112032
2020-03-10,8273,8362,8268,8352,4436,-0.0005983008256551514
2020-03-11,8322,8391,8111,8195,14267,-0.01879789272030652
2020-03-12,8096,8101,7682,7747,1980,-0.05466748017083589
2020-03-13,7264,7337,6914,7294,490,-0.058474248096037185
2020-03-16,7367,7367,7091,7106,629,-0.025774609267891435
2020-03-17,6697,7042,6697,7013,6471,-0.013087531663383056
2020-03-18,6934,6968,6673,6673,407,-0.04848139170112653
2020-03-19,6673,6673,5963,5964,783,-0.10624906338977969
2020-03-20,6037,6402,6003,6402,77,0.07344064386317917
2020-03-23,6032,6032,5909,5954,107,-0.06997813183380197
2020-03-24,6008,6328,6008,6328,16479,0.06281491434329856
2020-03-25,6609,6781,6599,6781,71,0.0715865992414666
2020-03-26,6687,6938,6687,6811,1167,0.004424126235068604
2020-03-27,6998,7067,6722,6757,2259,-0.007928351196593741
2020-03-30,6766,6766,6692,6693,100,-0.009471659020275247
2020-03-31,7214,7249,7062,7249,316,0.08307186612879125
2020-04-01,7254,7387,7096,7106,838,-0.019726858877086473
2020-04-02,7086,7288,7062,7269,557,0.022938361947649977
2020-04-03,7328,7342,7239,7239,440,-0.004127115146512539
2020-04-06,7387,7648,7387,7638,486,0.055118110236220375
2020-04-07,7741,7845,7648,7845,381,0.027101335428122653
2020-04-08,7850,7879,7790,7870,11686,0.0031867431485022024
2020-04-09,7983,8150,7953,8150,50323,0.03557814485387545
2020-04-10,8189,8263,8051,8264,318,0.01398773006134979
2020-04-13,8278,8278,8165,8165,214,-0.011979670861568259
2020-04-14,8194,8278,8189,8279,152,0.013962033067973056
2020-04-16,8184,8268,8042,8269,14,-0.0012078753472641868
2020-04-17,8367,8416,8367,8402,179,0.016084169790784753
2020-04-20,8411,8480,8293,8372,169,-0.0035705784337062285
2020-04-21,8288,8298,8106,8160,504,-0.02532250358337318
2020-04-22,8120,8155,8002,8155,531,-0.0006127450980392135
2020-04-23,8332,8381,8317,8382,79,0.027835683629675145
2020-04-24,8431,8431,8273,8274,82,-0.012884753042233354
2020-04-27,8352,8534,8332,8510,296,0.028523084360647877
2020-04-28,8555,8555,8475,8475,60,-0.004112808460634554
2020-04-29,8605,8645,8605,8645,90,0.020058997050147465
2020-05-04,8600,8600,8490,8490,244,-0.017929438982070556
2020-05-06,8600,8600,8545,8600,109,0.012956419316843437
2020-05-07,8650,8695,8630,8685,65,0.009883720930232487
2020-05-08,8685,8800,8685,8780,10927,0.010938399539435872
2020-05-11,8800,8800,8780,8780,98,0.0
2020-05-12,8780,8780,8560,8635,136,-0.016514806378132074
2020-05-13,8560,8575,8560,8575,79,-0.00694846554719164
2020-05-14,8600,8610,8555,8575,31726,0.0
2020-05-15,8575,8585,8550,8570,2221,-0.0005830903790087216
2020-05-18,8585,8585,8580,8580,11,0.001166861143523823
2020-05-19,8830,8900,8830,8900,138,0.037296037296037365
2020-05-20,8865,8910,8865,8875,21,-0.002808988764044895
2020-05-21,8910,8910,8875,8875,339,0.0
2020-05-22,8895,8965,8780,8780,86,-0.010704225352112684
2020-05-25,8815,8845,8745,8845,206,0.007403189066059301
2020-05-26,8850,9035,8850,9035,530,0.02148106274731476
2020-05-27,9075,9150,9075,9140,117,0.011621472053126691
2020-05-28,9160,9160,8840,8935,11700,-0.0224288840262582
2020-05-29,8945,9030,8945,8985,932,0.005595970900951208
2020-06-01,8960,9040,8960,9040,24478,0.006121313299944253
2020-06-02,9005,9195,9005,9195,507,0.017146017699114946
2020-06-03,9245,9460,9245,9440,231,0.026644915715062556
2020-06-04,9595,9595,9335,9340,249,-0.010593220338983023
2020-06-05,9380,9570,9380,9545,367,0.021948608137045023
2020-06-08,9695,9695,9515,9575,441,0.0031430068098481367
2020-06-09,9575,9635,9440,9510,499,-0.006788511749347248
2020-06-10,9465,9500,9460,9475,412,-0.003680336487907443
2020-06-11,9460,9545,9390,9400,106,-0.0079155672823219
2020-06-12,9085,9125,9015,9125,892,-0.0292553191489362
2020-06-15,9015,9015,8695,8695,321,-0.04712328767123286
2020-06-16,8895,9015,8895,9000,3837,0.035077630822311745
2020-06-17,9045,9075,8965,9010,179,0.0011111111111110628
2020-06-18,9010,9010,9005,9005,253,-0.0005549389567147678
2020-06-19,9025,9025,8920,8935,3681,-0.007773459189339249
2020-06-22,8935,8935,8870,8870,56,-0.007274762171236682
2020-06-23,8885,8885,8800,8835,122,-0.003945885005636973
2020-06-24,8860,8930,8860,8875,78,0.004527447651386574
2020-06-25,8785,8785,8690,8690,56,-0.02084507042253525
2020-06-26,8725,8725,8680,8685,96,-0.0005753739930954849
2020-06-29,8615,8615,8590,8590,124,-0.010938399539435761
2020-06-30,8740,8740,8665,8690,150,0.011641443538998875
2020-07-01,8765,8845,8765,8835,14,0.01668584579976984
2020-07-02,8810,8835,8810,8835,29,0.0
2020-07-03,8835,8835,8835,8835,3,0.0
2020-07-06,8855,9020,8855,9020,842,0.02093944538766279
2020-07-07,9055,9055,8950,8950,3052,-0.0077605321507761005
2020-07-08,8915,8950,8905,8905,60,-0.005027932960893877
2020-07-09,8960,8960,8960,8960,3,0.006176305446378372
2020-07-10,8910,8910,8825,8830,231,-0.014508928571428603
2020-07-13,8890,9030,8890,9030,782,0.022650056625141524
2020-07-14,9055,9055,9015,9015,1201,-0.0016611295681062677
2020-07-15,9190,9250,9145,9145,499,0.014420410427065988
2020-07-16,9240,9240,9175,9190,13,0.004920721705850228
2020-07-17,9220,9220,9150,9150,1171,-0.0043525571273123065
2020-07-20,9175,9205,9165,9205,295,0.006010928961748707
2020-07-21,9315,9400,9310,9335,4187,0.01412275936990759
2020-07-22,9540,9685,9530,9605,20187,0.02892340653454739
2020-07-23,9695,9695,9480,9545,899,-0.006246746486205157
2020-07-24,9425,9505,9425,9505,866,-0.004190675746464145
2020-07-27,9550,9730,9550,9700,34903,0.02051551814834296
2020-07-28,9780,9780,9660,9690,302,-0.0010309278350515427
2020-07-29,9705,9760,9640,9735,20769,0.004643962848297267
2020-07-30,9800,9800,9715,9740,44,0.0005136106831022946
2020-07-31,9750,9750,9675,9680,282,-0.006160164271047264
2020-08-03,9595,9665,9590,9665,1398,-0.0015495867768594573
2020-08-04,9715,9855,9715,9820,18325,0.016037247801345078
2020-08-05,9880,9880,9780,9830,756,0.0010183299389001643
2020-08-06,9885,9990,9885,9935,2653,0.010681586978636748
2020-08-07,10010,10010,9910,10000,3463,0.006542526421741357
2020-08-10,10035,10455,10035,10455,6400,0.045500000000000096
2020-08-11,10670,10795,10545,10795,4453,0.03252032520325199
2020-08-12,10775,10815,10595,10780,3119,-0.0013895321908290459
2020-08-13,10885,10900,10730,10745,1541,-0.0032467532467532756
2020-08-14,10870,10870,10585,10675,1271,-0.006514657980456029
2020-08-18,10660,10660,10140,10180,2389,-0.04637002341920371
2020-08-19,10315,10315,10220,10295,2451,0.01129666011787811
2020-08-20,9850,9890,9815,9815,344,-0.046624575036425475
2020-08-21,9980,10100,9845,9955,13521,0.01426388181355076
2020-08-24,10005,10020,9880,10015,3038,0.006027122049221401
2020-08-25,10215,10250,10210,10250,9,0.023464802795806206
2020-08-26,10230,10230,10130,10130,53,-0.011707317073170742
2020-08-27,10180,10180,10105,10145,31334,0.0014807502467917288
2020-08-28,10310,10540,10310,10515,31200,0.03647116806308537
2020-08-31,10560,10560,10415,10415,167,-0.00951022349025199
2020-09-01,10495,10525,10455,10525,1539,0.01056168987037931
2020-09-02,10640,10640,10540,10590,1022,0.0061757719714965464
2020-09-03,10690,10700,10645,10700,61623,0.010387157695939564
2020-09-04,10445,10690,10445,10690,2570,-0.0009345794392523477
2020-09-07,10735,10915,10735,10915,1926,0.021047708138447252
2020-09-08,10920,10920,10820,10820,271,-0.008703618873110441
2020-09-09,10725,10835,10720,10795,28082,-0.002310536044362266
2020-09-10,10800,10915,10800,10915,100,0.011116257526632811
2020-09-11,10780,10910,10775,10910,80,-0.0004580852038479355
2020-09-14,10905,11025,10905,10985,484,0.006874427131072336
2020-09-15,10945,11070,10930,11070,499,0.007737824305871666
2020-09-16,11015,11075,11005,11075,968,0.0004516711833784104
2020-09-17,11075,11080,10965,10965,803,-0.009932279909706576
2020-09-18,11005,11005,10920,10945,420,-0.0018239854081167906
2020-09-21,10995,10995,10900,10920,156,-0.0022841480127911984
2020-09-22,10635,10660,10575,10575,24,-0.03159340659340659
2020-09-23,10480,10560,10365,10515,2995,-0.005673758865248235
2020-09-24,10380,10380,10260,10265,159,-0.023775558725630086
2020-09-25,0,0,0,10265,0,0.0
